{
  "UserRecord": [
    {
      "FName": "Insia",
      "LName": "Taha",
      "UName": "TahaIns",
      "Password": "123"
    },
    {
      "id": "2022-12-02T19:50:14.587Z",
      "FName": {
        "FName": "Taha"
      },
      "LName": {
        "LName": "Aftab"
      },
      "UName": {
        "UName": "AftabTah"
      },
      "Password": {
        "Password": "123"
      }
    },
    {
      "record": {
        "FName": "Taha",
        "LName": "Aftab",
        "UName": "AftabTah",
        "Password": "123"
      },
      "id": "bcsYlIk"
    },
    {
      "record": {
        "FName": "Taha",
        "LName": "Aftab",
        "UName": "AftabTah",
        "Password": "123"
      },
      "id": "wEnKMHo"
    },
    {
      "record": {
        "FName": "Taha",
        "LName": "Insia",
        "UName": "insiTah",
        "Password": "123"
      },
      "id": "We15M3G"
    },
    {
      "FName": "Taha",
      "LName": "Insia",
      "UName": "insiTah",
      "Password": "123",
      "id": "J-BzlCB"
    },
    {
      "FName": "abc",
      "LName": "xyz",
      "UName": "zbc",
      "Password": "123",
      "id": "DxeXVKs"
    },
    {
      "FName": "a",
      "LName": "b",
      "UName": "b",
      "Password": "123",
      "id": "v0Fsp6H"
    },
    {
      "FName": "a",
      "LName": "b",
      "UName": "r",
      "Password": "123",
      "id": "IupJtVZ"
    },
    {
      "FName": "a",
      "LName": "b",
      "UName": "c",
      "Password": "123",
      "id": "uU5fRka"
    },
    {
      "FName": "c",
      "LName": "y",
      "UName": "d",
      "Password": "123",
      "id": "MlBipZA"
    },
    {
      "FName": "abv",
      "LName": "xyz",
      "UName": "qwe",
      "Password": "1223",
      "id": "VMzEdpN"
    }
  ]
}